property_url;broker_x;district_x;price_x;type_x;city_x;state_x;ref_x;category_x;area_x;lat_x;long_x;num_bedroom_x;num_bathroom_x;num_garage_x;broker_y;district_y;price_y;type_y;city_y;state_y;ref_y;category_y;area_y;lat_y;long_y;num_bedroom_y;num_bathroom_y;num_garage_y;sold_date
https://www.pedrogranado.com.br/comprar/maringa/terreno/comercial/zona-02/91172;Pedro Granado Imóveis;Zona 02;R$ 1.750.000,00;Comercial;Maringá;PR;91172.0;Terreno;449,65 m²;-23.4550058;-51.918142;-;1.0;-;;;;;;;;;;;;;;;2025-02-06
https://www.pedrogranado.com.br/comprar/maringa/apartamento/padrao/zona-01/98402;Pedro Granado Imóveis;Zona 01;R$ 3.100.000,00;Padrão;Maringá;PR;98402.0;Apartamento;198,60 m²;-23.4251406;-51.92746390000002;3;4.0;3;;;;;;;;;;;;;;;2025-02-06
https://www.leloimoveis.com.br/imovel/terreno-jardim-colina-verde-ii-maringa-300m2-venda-rs-190000?id=79900&ref=79900.12613;Lelo Imóveis;Jardim Colina Verde II;R$ 190.000,00;;Maringa;PR;79900.12613;Terreno;300,00m²;-23.3920036349;-51.8875547306;;;;;;;;;;;;;;;;;;2025-02-06
https://www.leloimoveis.com.br/imovel/casa-residencial-3-quartos-jardim-dias-i-maringa-com-garagem-98m2-venda-rs-320000?id=79900&ref=79900.12559;Lelo Imóveis;Jardim Dias I;R$ 320.000,00;;Maringa;PR;79900.12559;Casa;98,82m²;-23.3752244;-51.9252878;3;;3;;;;;;;;;;;;;;;2025-02-06
https://www.leloimoveis.com.br/imovel/apartamento-2-quartos-vila-marumby-maringa-com-garagem-109m2-venda-rs-320000?id=79900&ref=79900.12364;Lelo Imóveis;Vila Marumby;R$ 320.000,00;;Maringa;PR;79900.12364;Apartamento;109,66m²;-23.4502633;-51.9258448;2;;1;;;;;;;;;;;;;;;2025-02-06
https://www.leloimoveis.com.br/imovel/terreno-jardim-dias-ii-maringa-150m2-venda-rs-119000?id=79900&ref=79900.10717;Lelo Imóveis;Jardim Dias II;R$ 119.000,00;;Maringa;PR;79900.10717;Terreno;150,18m²;-23.3740804;-51.9219863;;;;;;;;;;;;;;;;;;2025-02-06
https://www.silvioiwata.com.br/imovel/3620004582/apartamento-a-venda/maringa-pr-zona-08 ;Silvio Iwata;Zona 08;R$ 225.000,00;;Maringá;PR;;Apartamento;47,00 m²;-23.4440861;-51.9132102;2;1.0;1;;;;;;;;;;;;;;;2025-02-06
https://www.silvioiwata.com.br/imovel/3620004874/apartamento-a-venda/maringa-pr-jd-aclimacao ;Silvio Iwata;Jd Aclimação;R$ 450.000,00;;Maringá;PR;;Apartamento;65,00 m²;-23.4448735;-51.9181273;3.0;2.0;1;;;;;;;;;;;;;;;2025-02-06
https://www.silvioiwata.com.br/imovel/3620005242/apartamento-a-venda/maringa-pr-zona-01-centro ;Silvio Iwata;Zona 01 Centro;R$ 1.550.000,00;;Maringá;PR;;Apartamento;209,00 m²;-23.4255666;-51.9406333;3;4.0;2;;;;;;;;;;;;;;;2025-02-06
https://www.silvioiwata.com.br/imovel/3620005507/apartamento-a-venda/maringa-pr-pq-res-cidade-nova ;Silvio Iwata;Pq Res Cidade Nova;R$ 160.000,00;;Maringá;PR;;Apartamento;53,94 m²;-23.3989953;-51.931698;3;1.0;1;;;;;;;;;;;;;;;2025-02-08
https://www.silvioiwata.com.br/imovel/3620004974/terreno-a-venda/maringa-pr-vl-ipiranga ;Silvio Iwata;;R$ 180.000,00;;Maringá;PR;;Terreno;180,00 m²;-23.4293034;-51.8984501;;;;;;;;;;;;;;;;;;2025-02-08
https://www.silvioiwata.com.br/imovel/3620004491/terreno-comercial-a-venda/marialva-pr-jd-res-hamada ;Silvio Iwata;;R$ 220.000,00;;Marialva;PR;;Terreno Comercial;345,00 m²;-23.4856611;-51.7935562;;;;;;;;;;;;;;;;;;2025-02-08
https://www.silvioiwata.com.br/imovel/3620005166/apartamento-a-venda/maringa-pr-zona-07 ;Silvio Iwata;Zona 07;R$ 229.000,00;;Maringá;PR;;Apartamento;105,78 m²;-23.4067192;-51.9436302;3;1.0;1;;;;;;;;;;;;;;;2025-02-08
https://www.silvioiwata.com.br/imovel/3620004985/casa-a-venda/maringa-pr-jd-aurora ;Silvio Iwata;;R$ 240.000,00;;Maringá;PR;;Casa;69,94 m²;-23.4150072;-51.97508089999999;2;1.0;2;;;;;;;;;;;;;;;2025-02-08
https://www.silvioiwata.com.br/imovel/3620005299/apartamento-a-venda/maringa-pr-vl-esperanca ;Silvio Iwata;Vl Esperança;R$ 270.000,00;;Maringá;PR;;Apartamento;41,00 m²;-23.4023439;-51.9301803;2;1.0;1;;;;;;;;;;;;;;;2025-02-08
https://www.silvioiwata.com.br/imovel/3620005014/apartamento-a-venda/maringa-pr-pq-da-gavea ;Silvio Iwata;Pq da Gávea;R$ 289.000,00;;Maringá;PR;;Apartamento;55,64 m²;-23.4558092;-51.9231521;2;1.0;1;;;;;;;;;;;;;;;2025-02-08
https://www.silvioiwata.com.br/imovel/3620004979/casa-a-venda/maringa-pr-jd-oasis ;Silvio Iwata;;R$ 299.000,00;;Maringá;PR;;Casa;150,80 m²;-23.4046346;-51.9011995;5.0;2.0;2;;;;;;;;;;;;;;;2025-02-08
https://www.silvioiwata.com.br/imovel/3620005052/casa-a-venda/maringa-pr-jd-tropical ;Silvio Iwata;;R$ 330.000,00;;Maringá;PR;;Casa;168,33 m²;-23.3972204;-51.95894819999999;2;1.0;4;;;;;;;;;;;;;;;2025-02-08
https://www.silvioiwata.com.br/imovel/3620004917/barracao-a-venda/california-pr-colonizacao-nova-california ;Silvio Iwata;;R$ 450.000,00;;Califórnia;PR;;Barracão;254,58 m²;-24.3356784;-50.6162911;1;1.0;;;;;;;;;;;;;;;;2025-02-08
https://www.silvioiwata.com.br/imovel/3620004878/casa-a-venda/maringa-pr-pq-palmeiras ;Silvio Iwata;;R$ 600.000,00;;Maringá;PR;;Casa;155,14 m²;-23.3840104;-51.9397151;3.0;3.0;1;;;;;;;;;;;;;;;2025-02-08
https://www.silvioiwata.com.br/imovel/3620004746/casa-a-venda/maringa-pr-bom-jd ;Silvio Iwata;;R$ 748.000,00;;Maringá;PR;;Casa;137,92 m²;-23.4209995;-51.9330558;3.0;2.0;2;;;;;;;;;;;;;;;2025-02-08
https://www.silvioiwata.com.br/imovel/3620005072/casa-a-venda/maringa-pr-jd-alvorada ;Silvio Iwata;;R$ 980.000,00;;Maringá;PR;;Casa;264,37 m²;-23.391649;-51.918992;4.0;3.0;3;;;;;;;;;;;;;;;2025-02-08
https://www.silvioiwata.com.br/imovel/3620005189/casa-a-venda/maringa-pr-jd-cidade-moncoes ;Silvio Iwata;;R$ 3.490.000,00;;Maringá;PR;;Casa;315,78 m²;-23.4452866;-51.9502762;3;3.0;2;;;;;;;;;;;;;;;2025-02-08
https://www.silvioiwata.com.br/imovel/3620004421/apartamento-a-venda/maringa-pr-zona-01-centro ;Silvio Iwata;Zona 01 Centro;R$ 4.500.000,00;;Maringá;PR;;Apartamento;245,00 m²;-23.4236184;-51.9336066;3;4.0;4;;;;;;;;;;;;;;;2025-02-08
https://www.silvioiwata.com.br/imovel/3620004777/terreno-a-venda/maringa-pr-gleba-ribeirao-atlantique ;Silvio Iwata;;R$ 6.500.000,00;;Maringá;PR;;Terreno;121,00 m²;-23.4209995;-51.9330558;;;;;;;;;;;;;;;;;;2025-02-08
https://www.silvioiwata.com.br/imovel/3620004776/terreno-a-venda/maringa-pr-gleba-ribeirao-atlantique ;Silvio Iwata;;R$ 11.000.000,00;;Maringá;PR;;Terreno;242.000,00 m²;-23.4209995;-51.9330558;;;;;;;;;;;;;;;;;;2025-02-08
https://www.pedrogranado.com.br/comprar/maringa/casasobrado/casa/parque-residencial-tuiuti/82082;Pedro Granado Imóveis;Parque Residencial Tuiuti;R$ 340.000,00;Casa;Maringá;PR;82082.0;Casa/Sobrado;116,16 m²;-23.4059032;-51.8856924;3;2.0;1;;;;;;;;;;;;;;;2025-02-10
https://www.pedrogranado.com.br/comprar/maringa/casasobrado/casa/parque-das-grevileas-3ª-parte/57812;Pedro Granado Imóveis;Parque Das Grevíleas 3ª Parte;R$ 599.000,00;Casa;Maringá;PR;57812.0;Casa/Sobrado;162,34 m²;-23.3850923;-51.92910639999999;3;2.0;1;;;;;;;;;;;;;;;2025-02-10
https://www.pedrogranado.com.br/comprar/maringa/predio/inteiro/parque-residencial-aeroporto-2ª-parte/78503;Pedro Granado Imóveis;Parque Residencial Aeroporto (2ª Parte);R$ 1.220.000,00;Inteiro;Maringá;PR;78503.0;Prédio;400,00 m²;-23.4387801;-51.8971731;6;7.0;2;;;;;;;;;;;;;;;2025-02-10
https://www.pedrogranado.com.br/comprar/maringa/casasobrado/sobrado/jardim-canada-2ª-parte/11933;Pedro Granado Imóveis;Jardim Canadá 2ª Parte;R$ 1.250.000,00;Sobrado;Maringá;PR;11933.0;Casa/Sobrado;213,08 m²;-23.4056234;-51.9511188;3;4.0;3;;;;;;;;;;;;;;;2025-02-10
https://www.leloimoveis.com.br/imovel/casa-residencial-3-quartos-zona-07-maringa-com-garagem-200m2-venda-rs-799000?id=79900&ref=79900.12671;Lelo Imóveis;Zona 07;R$ 799.000,00;;Maringa;PR;79900.12671;Casa;200,00m²;-23.4164986;-51.92471;3;;2;;;;;;;;;;;;;;;2025-02-10
https://www.leloimoveis.com.br/imovel/apartamento-2-quartos-zona-07-maringa-com-garagem-70m2-venda-rs-385000?id=79900&ref=79900.12170;Lelo Imóveis;Zona 07;R$ 385.000,00;;Maringa;PR;79900.1217;Apartamento;70,54m²;-23.4139072;-51.9457607;2;;1;;;;;;;;;;;;;;;2025-02-10
https://www.leloimoveis.com.br/imovel/casa-residencial-2-quartos-parque-das-laranjeiras-maringa-com-garagem-83m2-venda-rs-289000?id=79900&ref=04591.001;Lelo Imóveis;Parque das Laranjeiras;R$ 289.000,00;;Maringa;PR;4591.001;Casa;83,50m²;-23.3880985;-51.9618093;2;;1;;;;;;;;;;;;;;;2025-02-10
https://www.silvioiwata.com.br/imovel/3620005112/apartamento-a-venda/maringa-pr-vl-emilia ;Silvio Iwata;Vl Emília;R$ 54.708,00*;;Maringá;PR;;Apartamento;54,34 m²;-23.4495596;-51.9347171;2;1.0;1;;;;;;;;;;;;;;;2025-02-10
https://www.silvioiwata.com.br/imovel/3620005205/apartamento-a-venda/maringa-pr-jd-aclimacao ;Silvio Iwata;Jd Aclimação;R$ 550.000,00;;Maringá;PR;;Apartamento;82,41 m²;-23.448488;-51.914836;3.0;2.0;1;;;;;;;;;;;;;;;2025-02-10
https://www.silvioiwata.com.br/imovel/3620004575/casa-a-venda/maringa-pr-jd-munique ;Silvio Iwata;;R$ 600.000,00;;Maringá;PR;;Casa;125,00 m²;-23.3735556;-51.9645718;3.0;2.0;2;;;;;;;;;;;;;;;2025-02-10
https://www.silvioiwata.com.br/imovel/3620004803/barracao-a-venda/maringa-pr-zona-07 ;Silvio Iwata;;R$ 2.200.000,00;;Maringá;PR;;Barracão;488,54 m²;-23.4135643;-51.9265573;;3.0;6;;;;;;;;;;;;;;;2025-02-10
https://www.pedrogranado.com.br/comprar/maringa/apartamento/padrao/jardim-america/09653;Pedro Granado Imóveis;Jardim América;R$ 275.000,00;Padrão;Maringá;PR;9653.0;Apartamento;55,76 m²;-23.4283497;-51.8883972;2;1.0;-;;;;;;;;;;;;;;;2025-02-11
https://www.pedrogranado.com.br/alugar/maringa/apartamento/padrao/zona-01/6098;Pedro Granado Imóveis;Zona 01;R$ 480.000,00 (V) - R$ 1.800,00 (L);Padrão;Maringá;PR;6098.0;Apartamento;92,89 m²;-23.4211492;-51.931399;3;2.0;1;;;;;;;;;;;;;;;2025-02-11
https://www.leloimoveis.com.br/imovel/casa-residencial-2-quartos-conj-joao-de-barro-itaparica-maringa-com-garagem-82m2-venda-locacao-rs-370000-rs-1300?id=79900&ref=05549.002;Lelo Imóveis;Conj Joao de Barro Itaparica;R$ 370.000,00;;Maringa;PR;5549.002;Casa;82,93m²;-23.400733;-51.882083;2;;5;;;;;;;;;;;;;;;2025-02-11
https://www.leloimoveis.com.br/imovel/casa-residencial-3-quartos-jardins-de-monet-residence-maringa-com-garagem-400m2-venda-rs-2390000?id=79900&ref=79900.12309;Lelo Imóveis;Jardins de Monet Residence;R$ 2.390.000,00;;Maringa;PR;79900.12309;Casa;400,00m²;-23.3620666;-52.0085711;3;;4;;;;;;;;;;;;;;;2025-02-11
https://www.leloimoveis.com.br/imovel/casa-residencial-3-quartos-jardim-liberdade-iii-maringa-com-garagem-185m2-venda-rs-590000?id=79900&ref=79900.9479;Lelo Imóveis;Jardim Liberdade III;R$ 590.000,00;;Maringa;PR;79900.9479;Casa;185,55m²;-23.4153749;-51.8911228;3;;3;;;;;;;;;;;;;;;2025-02-11
https://www.leloimoveis.com.br/imovel/apartamento-3-quartos-zona-07-maringa-135m2-venda-rs-280000?id=79900&ref=79900.12040;Lelo Imóveis;Zona 07;R$ 280.000,00;;Maringa;PR;79900.1204;Apartamento;135,24m²;-23.4096624;-51.9432293;3;;;;;;;;;;;;;;;;;2025-02-11
https://www.leloimoveis.com.br/imovel/casa-residencial-3-quartos-jardim-alvorada-maringa-com-garagem-155m2-venda-rs-1360000?id=79900&ref=79900.8357;Lelo Imóveis;Jardim Alvorada;R$ 1.360.000,00;;Maringa;PR;79900.8357;Casa;155,00m²;-23.4029;-51.9282184;3;;3;;;;;;;;;;;;;;;2025-02-11
https://www.silvioiwata.com.br/imovel/3620005106/casa-a-venda/maringa-pr-jd-alvorada ;Silvio Iwata;;R$ 220.000,00;;Maringá;PR;;Casa;73,14 m²;-23.3991672;-51.9136924;3;1.0;1;;;;;;;;;;;;;;;2025-02-11
https://www.silvioiwata.com.br/imovel/3620005053/apartamento-a-venda/maringa-pr-jd-america ;Silvio Iwata;Jd América;R$ 255.000,00;;Maringá;PR;;Apartamento;44,61 m²;-23.4275669;-51.8876191;2;1.0;1;;;;;;;;;;;;;;;2025-02-11
https://www.silvioiwata.com.br/imovel/3620005177/casa-a-venda/maringa-pr-pq-das-grevileas ;Silvio Iwata;;R$ 325.000,00;;Maringá;PR;;Casa;97,55 m²;-23.3821292;-51.9317578;3.0;2.0;1;;;;;;;;;;;;;;;2025-02-11
https://www.silvioiwata.com.br/imovel/3620005071/casa-a-venda/maringa-pr-vl-morangueira ;Silvio Iwata;;R$ 450.000,00;;Maringá;PR;;Casa;63,00 m²;-23.4098768;-51.9206993;3;1.0;2;;;;;;;;;;;;;;;2025-02-11
https://www.pedrogranado.com.br/comprar/maringa/apartamento/padrao/vila-emilia/49133;Pedro Granado Imóveis;Vila Emília;R$ 190.000,00;Padrão;Maringá;PR;49133.0;Apartamento;41,44 m²;-23.4487118;-51.9333038;2;1.0;-;;;;;;;;;;;;;;;2025-02-13
https://www.pedrogranado.com.br/comprar/maringa/apartamento/padrao/zona-07/06053;Pedro Granado Imóveis;Zona 07;R$ 439.000,00;Padrão;Maringá;PR;6053.0;Apartamento;66,44 m²;-23.4161776;-51.9299024;2;2.0;1;;;;;;;;;;;;;;;2025-02-13
https://www.pedrogranado.com.br/alugar/maringa/casasobrado/casa/jardim-tres-lagoas/70742;Pedro Granado Imóveis;Jardim Três Lagoas;R$ 495.000,00 (V) - R$ 2.700,00 (L);Casa;Maringá;PR;70742.0;Casa/Sobrado;102,41 m²;-23.3858341;-51.9736634;3;2.0;1;;;;;;;;;;;;;;;2025-02-13
https://www.pedrogranado.com.br/alugar/maringa/comercial/casa-comercial/zona-08/85643;Pedro Granado Imóveis;Zona 08;R$ 990.000,00 (V) - R$ 2.900,00 (L);Casa Comercial;Maringá;PR;85643.0;Comercial;600,00 m²;-23.4288574;-51.9129812;-;3.0;-;;;;;;;;;;;;;;;2025-02-13
https://www.leloimoveis.com.br/imovel/casa-residencial-jardim-alvorada-iii-maringa-165m2-venda-rs-415000?id=79900&ref=79900.12712;Lelo Imóveis;Jardim Alvorada III;R$ 415.000,00;;Maringa;PR;79900.12712;Casa;165,00m²;-23.3857172;-51.9106386;;;;;;;;;;;;;;;;;;2025-02-13
https://www.leloimoveis.com.br/imovel/terreno-jardim-monte-rei-maringa-300m2-venda-rs-345000?id=79900&ref=79900.12711;Lelo Imóveis;Jardim Monte Rei;R$ 345.000,00;;Maringa;PR;79900.12711;Terreno;300,00m²;-23.3789606;-51.9559311;;;;;;;;;;;;;;;;;;2025-02-13
https://www.leloimoveis.com.br/imovel/apartamento-2-quartos-jardim-tropical-maringa-com-garagem-78m2-venda-rs-280000?id=79900&ref=79900.12677;Lelo Imóveis;Jardim Tropical;R$ 280.000,00;;Maringa;PR;79900.12677;Apartamento;78,19m²;-23.3959679;-51.9620082;2;;1;;;;;;;;;;;;;;;2025-02-13
https://www.leloimoveis.com.br/imovel/casa-residencial-5-quartos-zona-07-maringa-com-garagem-270m2-venda-rs-700000?id=79900&ref=79900.12424;Lelo Imóveis;Zona 07;R$ 700.000,00;;Maringa;PR;79900.12424;Casa;270,61m²;-23.4110923;-51.9287759;5;;2;;;;;;;;;;;;;;;2025-02-13
https://www.leloimoveis.com.br/imovel/apartamento-3-quartos-jardim-cerro-azul-maringa-com-garagem-146m2-venda-rs-528000?id=79900&ref=79900.12193;Lelo Imóveis;Jardim Cerro Azul;R$ 528.000,00;;Maringa;PR;79900.12193;Apartamento;146,00m²;-23.4405355;-51.9370439;3;;2;;;;;;;;;;;;;;;2025-02-13
https://www.leloimoveis.com.br/imovel/terreno-jardins-de-monet-residence-maringa-540m2-venda-rs-850000?id=79900&ref=79900.11783;Lelo Imóveis;Jardins de Monet Residence;R$ 850.000,00;;Maringa;PR;79900.11783;Terreno;540,75m²;-23.3620666;-52.0085711;;;;;;;;;;;;;;;;;;2025-02-13
https://www.leloimoveis.com.br/imovel/casa-residencial-2-quartos-jardim-atami-maringa-com-garagem-150m2-venda-rs-340000?id=79900&ref=79900.11968;Lelo Imóveis;Jardim Atami;R$ 340.000,00;;Maringa;PR;79900.11968;Casa;150,00m²;-23.4618587;-51.9509583;2;;2;;;;;;;;;;;;;;;2025-02-13
https://www.leloimoveis.com.br/imovel/apartamento-3-quartos-zona-01-maringa-com-garagem-241m2-venda-rs-730000?id=79900&ref=79900.11851;Lelo Imóveis;Zona 01;R$ 730.000,00;;Maringa;PR;79900.11851;Apartamento;241,62m²;-23.4240571;-51.9426816;3;;2;;;;;;;;;;;;;;;2025-02-13
https://www.leloimoveis.com.br/imovel/apartamento-3-quartos-zona-07-maringa-com-garagem-231m2-venda-rs-1690000?id=79900&ref=79900.11371;Lelo Imóveis;Zona 07;R$ 1.690.000,00;;Maringa;PR;79900.11371;Apartamento;231,72m²;-23.4147637;-51.9359941;3;;2;;;;;;;;;;;;;;;2025-02-13
https://www.leloimoveis.com.br/imovel/apartamento-3-quartos-zona-07-maringa-com-garagem-116m2-venda-rs-315000?id=79900&ref=02904.001;Lelo Imóveis;Zona 07;R$ 315.000,00;;Maringa;PR;2904.001;Apartamento;116,36m²;-23.4148042;-51.9405613;3;;1;;;;;;;;;;;;;;;2025-02-13
https://www.leloimoveis.com.br/imovel/casa-residencial-3-quartos-jardim-paris-maringa-com-garagem-150m2-venda-rs-557000?id=79900&ref=79900.10634;Lelo Imóveis;Jardim Paris;R$ 557.000,00;;Maringa;PR;79900.10634;Casa;150,00m²;-23.386098;-51.9513856;3;;2;;;;;;;;;;;;;;;2025-02-13
https://www.leloimoveis.com.br/imovel/casa-residencial-4-quartos-jardim-toquio-maringa-com-garagem-347m2-venda-rs-1450000?id=79900&ref=79900.7456;Lelo Imóveis;Jardim Toquio;R$ 1.450.000,00;;Maringa;PR;79900.7456;Casa;347,00m²;-23.3884156;-51.9221176;4;;;;;;;;;;;;;;;;;2025-02-13
https://www.silvioiwata.com.br/imovel/3620004982/casa-a-venda/marialva-pr-jd-italia ;Silvio Iwata;;R$ 180.000,00;;Marialva;PR;;Casa;61,69 m²;-23.4934655;-51.772414;2;1.0;1;;;;;;;;;;;;;;;2025-02-13
https://www.silvioiwata.com.br/imovel/3620004520/terreno-a-venda/maringa-pr-jd-espanha ;Silvio Iwata;;R$ 299.000,00;;Maringá;PR;;Terreno;400,00 m²;-23.4612815;-51.9622323;;;;;;;;;;;;;;;;;;2025-02-13
https://www.silvioiwata.com.br/imovel/3620004740/casa-a-venda/maringa-pr-zona-04 ;Silvio Iwata;;R$ 790.000,00;;Maringá;PR;;Casa;100,00 m²;-23.4209995;-51.9330558;2.0;2.0;1;;;;;;;;;;;;;;;2025-02-13
https://www.silvioiwata.com.br/imovel/3620004622/sala-comercial-a-venda/maringa-pr-zona-05 ;Silvio Iwata;;R$ 1.100.000,00;;Maringá;PR;;Sala Comercial;257,00 m²;-23.4249179;-51.9611796;;2.0;;;;;;;;;;;;;;;;2025-02-13
https://www.silvioiwata.com.br/imovel/3620004246/casa-a-venda/maringa-pr-pq-res-cidade-nova ;Silvio Iwata;;R$ 1.199.900,00;;Maringá;PR;;Casa;197,00 m²;-23.3924122;-51.9367099;4.0;3.0;3;;;;;;;;;;;;;;;2025-02-13
https://www.pedrogranado.com.br/comprar/maringa/apartamento/padrao/jardim-alvorada/03533;Pedro Granado Imóveis;Jardim Alvorada;R$ 205.000,00;Padrão;Maringá;PR;3533.0;Apartamento;46,25 m²;-23.3906541;-51.908611;2;1.0;-;;;;;;;;;;;;;;;2025-02-14
https://www.pedrogranado.com.br/comprar/maringa/apartamento/padrao/jardim-itaipu/89153;Pedro Granado Imóveis;Jardim Itaipu;R$ 220.000,00;Padrão;Maringá;PR;89153.0;Apartamento;43,84 m²;-23.4489462;-51.9812007;2;1.0;-;;;;;;;;;;;;;;;2025-02-14
https://www.pedrogranado.com.br/alugar/maringa/apartamento/padrao/jardim-aclimacao/67343;Pedro Granado Imóveis;Jardim Aclimacao;R$ 425.000,00 (V) - R$ 2.300,00 (L);Padrão;Maringá;PR;67343.0;Apartamento;50,83 m²;-23.4209995;-51.9330558;2;1.0;-;;;;;;;;;;;;;;;2025-02-14
https://www.leloimoveis.com.br/imovel/casa-residencial-2-quartos-jardim-paris-maringa-com-garagem-72m2-venda-locacao-rs-498000-rs-1500?id=79900&ref=05857.001;Lelo Imóveis;Jardim Paris;R$ 498.000,00;;Maringa;PR;5857.001;Casa;72,86m²;-23.3831845;-51.952098;2;;3;;;;;;;;;;;;;;;2025-02-14
https://www.leloimoveis.com.br/imovel/casa-residencial-3-quartos-cidade-moncoes-maringa-com-garagem-515m2-venda-rs-3800000?id=79900&ref=79900.12565;Lelo Imóveis;Cidade Moncoes;R$ 3.800.000,00;;Maringa;PR;79900.12565;Casa;515,00m²;-23.4447371;-51.9418641;3;;3;;;;;;;;;;;;;;;2025-02-14
https://www.leloimoveis.com.br/imovel/terreno-jardim-paris-maringa-198m2-venda-rs-498000?id=79900&ref=79900.12469;Lelo Imóveis;Jardim Paris;R$ 498.000,00;;Maringa;PR;79900.12469;Terreno;198,30m²;-23.3831845;-51.952098;;;;;;;;;;;;;;;;;;2025-02-14
https://www.leloimoveis.com.br/imovel/apartamento-4-quartos-zona-07-maringa-com-garagem-257m2-venda-locacao-rs-650000-rs-2500?id=79900&ref=05739.001;Lelo Imóveis;Zona 07;R$ 650.000,00;;Maringa;PR;5739.001;Apartamento;257,37m²;-23.4162057;-51.9480214;4;;2;;;;;;;;;;;;;;;2025-02-14
https://www.leloimoveis.com.br/imovel/apartamento-3-quartos-zona-07-maringa-com-garagem-210m2-venda-rs-730000?id=79900&ref=05469.001;Lelo Imóveis;Zona 07;R$ 730.000,00;;Maringa;PR;5469.001;Apartamento;210,11m²;-23.4132938;-51.9440248;3;;2;;;;;;;;;;;;;;;2025-02-14
https://www.leloimoveis.com.br/imovel/apartamento-2-quartos-zona-07-maringa-92m2-venda-rs-200000?id=79900&ref=03991.001;Lelo Imóveis;Zona 07;R$ 200.000,00;;Maringa;PR;3991.001;Apartamento;92,24m²;-23.408432;-51.9435909;2;;;;;;;;;;;;;;;;;2025-02-14
https://www.leloimoveis.com.br/imovel/apartamento-3-quartos-jardim-novo-horizonte-maringa-com-garagem-82m2-venda-rs-265000?id=79900&ref=79900.12036;Lelo Imóveis;Jardim Novo Horizonte;R$ 265.000,00;;Maringa;PR;79900.12036;Apartamento;82,30m²;-23.4421461;-51.9244992;3;;1;;;;;;;;;;;;;;;2025-02-14
https://www.leloimoveis.com.br/imovel/apartamento-2-quartos-zona-07-maringa-com-garagem-94m2-venda-rs-220000?id=79900&ref=00193.001;Lelo Imóveis;Zona 07;R$ 220.000,00;;Maringa;PR;193.001;Apartamento;94,88m²;-23.40923;-51.9464006;2;;1;;;;;;;;;;;;;;;2025-02-14
https://www.leloimoveis.com.br/imovel/apartamento-3-quartos-zona-03-maringa-com-garagem-venda-rs-3050000?id=79900&ref=79900.11615;Lelo Imóveis;Zona 03;R$ 3.050.000,00;;Maringa;PR;79900.11615;Apartamento;3;-23.4250343;-51.9274536;3;;;;;;;;;;;;;;;;;2025-02-14
https://www.silvioiwata.com.br/imovel/3620005086/terreno-a-venda/marialva-pr-jd-italia ;Silvio Iwata;;R$ 100.000,00;;Marialva;PR;;Terreno;300,00 m²;-23.4856611;-51.7935562;;;;;;;;;;;;;;;;;;2025-02-14
https://www.silvioiwata.com.br/imovel/3620005224/apartamento-a-venda/marialva-pr-pq-industrial-i ;Silvio Iwata;Pq Industrial I;R$ 195.000,00;;Marialva;PR;;Apartamento;52,23 m²;-23.4856611;-51.7935562;2;1.0;1;;;;;;;;;;;;;;;2025-02-14
https://www.silvioiwata.com.br/imovel/3620005251/apartamento-a-venda/maringa-pr-cidade-universitaria ;Silvio Iwata;Cidade Universitária;R$ 315.000,00;;Maringá;PR;;Apartamento;51,56 m²;-23.400867;-51.9657367;2;1.0;1;;;;;;;;;;;;;;;2025-02-14
https://www.silvioiwata.com.br/imovel/3620005302/apartamento-a-venda/maringa-pr-pq-industrial ;Silvio Iwata;Pq Industrial;R$ 350.000,00;;Maringá;PR;;Apartamento;51,47 m²;-23.445589;-51.9791967;2;1.0;1;;;;;;;;;;;;;;;2025-02-14
https://www.silvioiwata.com.br/imovel/3620005361/casa-a-venda/maringa-pr-jd-everest ;Silvio Iwata;;R$ 390.000,00;;Maringá;PR;;Casa;115,00 m²;-23.4047986;-51.97438589999999;3;2.0;1;;;;;;;;;;;;;;;2025-02-14
https://www.silvioiwata.com.br/imovel/3620005162/apartamento-a-venda/maringa-pr-zona-03 ;Silvio Iwata;Zona 03;R$ 850.000,00;;Maringá;PR;;Apartamento;79,92 m²;-23.4302175;-51.9245097;2.0;2.0;2;;;;;;;;;;;;;;;2025-02-14
https://www.pedrogranado.com.br/alugar/maringa/apartamento/padrao/jardim-america/09653;Pedro Granado Imóveis;Jardim América;R$ 275.000,00 (V) - R$ 2.100,00 (L);Padrão;Maringá;PR;9653.0;Apartamento;55,76 m²;-23.4283497;-51.8883972;2;1.0;-;;;;;;;;;;;;;;;2025-02-15
https://www.leloimoveis.com.br/imovel/apartamento-zona-01-maringa-120m2-venda-rs-640000?id=79900&ref=79900.12330;Lelo Imóveis;Zona 01;R$ 640.000,00;;Maringa;PR;79900.1233;Apartamento;120,00m²;-23.4175897;-51.9345922;;;;;;;;;;;;;;;;;;2025-02-15
https://www.leloimoveis.com.br/imovel/sobrado-3-quartos-vila-morangueira-maringa-com-garagem-152m2-venda-rs-470000?id=79900&ref=04013.002;Lelo Imóveis;Vila Morangueira;R$ 470.000,00;;Maringa;PR;4013.002;Sobrado;152,24m²;-23.4087506;-51.9169332;3;;2;;;;;;;;;;;;;;;2025-02-15
https://www.leloimoveis.com.br/imovel/apartamento-3-quartos-zona-07-maringa-com-garagem-129m2-venda-locacao-rs-350000-rs-1600?id=79900&ref=05844.001;Lelo Imóveis;Zona 07;R$ 350.000,00;;Maringa;PR;5844.001;Apartamento;129,83m²;-23.4086887;-51.9429248;3;;1;;;;;;;;;;;;;;;2025-02-15
https://www.silvioiwata.com.br/imovel/3620005128/apartamento-a-venda/maringa-pr-cj-res-cidade-alta ;Silvio Iwata;Cj Res Cidade Alta;R$ 185.000,00;;Maringá;PR;;Apartamento;46,98 m²;-23.4672033;-51.909451;2;1.0;1;;;;;;;;;;;;;;;2025-02-15
https://www.silvioiwata.com.br/imovel/3620005426/sobrado-a-venda/maringa-pr-jd-novo-horizonte ;Silvio Iwata;;R$ 630.000,00;;Maringá;PR;;Sobrado;148,22 m²;-23.4455832;-51.9385179;3.0;2.0;2;;;;;;;;;;;;;;;2025-02-15
