property_url;broker_x;district_x;price_x;type_x;city_x;state_x;ref_x;category_x;area_x;lat_x;long_x;num_bedroom_x;num_bathroom_x;num_garage_x;broker_y;district_y;price_y;type_y;city_y;state_y;ref_y;category_y;area_y;lat_y;long_y;num_bedroom_y;num_bathroom_y;num_garage_y;added_date
https://www.pedrogranado.com.br/comprar/maringa/apartamento/padrao/zona-08/43163;Pedro Granado Imóveis;Zona 08;R$ 375.000,00;Padrão;Maringá;PR;43163.0;Apartamento;45,66 m²;-23.433107;-51.92409420000001;1;1;-;;;;;;;;;;;;;;;2025-02-06
https://www.pedrogranado.com.br/comprar/maringa/terreno/comercial/zona-08/91172;Pedro Granado Imóveis;Zona 08;R$ 1.750.000,00;Comercial;Maringá;PR;91172.0;Terreno;449,65 m²;-23.4550058;-51.918142;-;1;-;;;;;;;;;;;;;;;2025-02-06
https://www.pedrogranado.com.br/comprar/maringa/terreno/comercial/gleba-patrimonio-maringa/35063;Pedro Granado Imóveis;Gleba Patrimônio Maringá;R$ 5.200.000,00;Comercial;Maringá;PR;35063.0;Terreno;12.100,00 m²;-23.4163871;-51.9796008;-;-;-;;;;;;;;;;;;;;;2025-02-06
https://www.leloimoveis.com.br/imovel/apartamento-vila-marumby-maringa-116m2-venda-rs-370000?id=79900&ref=79900.12710;Lelo Imóveis;Vila Marumby;R$ 370.000,00;;Maringa;PR;79900.1271;Apartamento;116,29m²;-23.4437405;-51.9301808;;;;;;;;;;;;;;;;;;2025-02-06
https://www.leloimoveis.com.br/imovel/terreno-jardim-monte-rei-maringa-300m2-venda-rs-345000?id=79900&ref=79900.12711;Lelo Imóveis;Jardim Monte Rei;R$ 345.000,00;;Maringa;PR;79900.12711;Terreno;300,00m²;-23.3789606;-51.9559311;;;;;;;;;;;;;;;;;;2025-02-06
https://www.leloimoveis.com.br/imovel/terreno-jardim-brasilia-maringa-155m2-venda-rs-155000?id=79900&ref=79900.12709;Lelo Imóveis;Jardim Brasilia;R$ 155.000,00;;Maringa;PR;79900.12709;Terreno;155,53m²;-23.3941777;-51.9626775;;;;;;;;;;;;;;;;;;2025-02-06
https://www.leloimoveis.com.br/imovel/casa-residencial-3-quartos-jardim-italia-ii-maringa-com-garagem-187m2-venda-rs-645000?id=79900&ref=79900.12708;Lelo Imóveis;Jardim Italia II;R$ 645.000,00;;Maringa;PR;79900.12708;Casa;187,00m²;-23.4539307;-51.9444391;3;;2;;;;;;;;;;;;;;;2025-02-06
https://www.leloimoveis.com.br/imovel/apartamento-1-quarto-zona-07-maringa-com-garagem-70m2-venda-rs-165000?id=79900&ref=00040.001;Lelo Imóveis;Zona 07;R$ 165.000,00;;Maringa;PR;40.001;Apartamento;70,23m²;-23.4087219;-51.9433842;1;;1;;;;;;;;;;;;;;;2025-02-06
https://www.leloimoveis.com.br/imovel/apartamento-3-quartos-zona-07-maringa-com-garagem-145m2-venda-rs-315000?id=79900&ref=79900.12504;Lelo Imóveis;Zona 07;R$ 315.000,00;;Maringa;PR;79900.12504;Apartamento;145,34m²;-23.4096011;-51.9434868;3;;1;;;;;;;;;;;;;;;2025-02-06
https://www.leloimoveis.com.br/imovel/terreno-jardim-brasil-maringa-424m2-venda-rs-580000?id=79900&ref=79900.12705;Lelo Imóveis;Jardim Brasil;R$ 580.000,00;;Maringa;PR;79900.12705;Terreno;424,38m²;-23.3910534;-51.9474863;;;;;;;;;;;;;;;;;;2025-02-06
https://www.leloimoveis.com.br/imovel/apartamento-2-quartos-zona-07-maringa-com-garagem-86m2-venda-rs-175000?id=79900&ref=00804.003;Lelo Imóveis;Zona 07;R$ 175.000,00;;Maringa;PR;804.003;Apartamento;86,12m²;-23.4101933;-51.9409458;2;;1;;;;;;;;;;;;;;;2025-02-06
https://www.leloimoveis.com.br/imovel/terreno-jardim-colina-verde-ii-maringa-300m2-venda-rs-175000?id=79900&ref=79900.12613;Lelo Imóveis;Jardim Colina Verde II;R$ 175.000,00;;Maringa;PR;79900.12613;Terreno;300,00m²;-23.3920036349;-51.8875547306;;;;;;;;;;;;;;;;;;2025-02-06
https://www.leloimoveis.com.br/imovel/terreno-jardim-dias-ii-maringa-150m2-venda-rs-129000?id=79900&ref=79900.10717;Lelo Imóveis;Jardim Dias II;R$ 129.000,00;;Maringa;PR;79900.10717;Terreno;150,18m²;-23.3740804;-51.9219863;;;;;;;;;;;;;;;;;;2025-02-06
https://www.silvioiwata.com.br/imovel/3620004974/terreno-a-venda/maringa-pr-vl-ipiranga ;Silvio Iwata;;R$ 180.000,00;;Maringá;PR;;Terreno;180,00 m²;-23.4293034;-51.8984501;;;;;;;;;;;;;;;;;;2025-02-06
https://www.silvioiwata.com.br/imovel/3620004491/terreno-comercial-a-venda/marialva-pr-jd-res-hamada ;Silvio Iwata;;R$ 220.000,00;;Marialva;PR;;Terreno Comercial;345,00 m²;-23.4856611;-51.7935562;;;;;;;;;;;;;;;;;;2025-02-06
https://www.silvioiwata.com.br/imovel/3620005591/terreno-a-venda/porto-rico-pr-jd-grecia;Silvio Iwata;;R$ 230.000,00;;Porto Rico;PR;;Terreno;371,25 m²;-22.770693;-53.26853699999999;;;;;;;;;;;;;;;;;;2025-02-06
https://www.silvioiwata.com.br/imovel/3620005590/apartamento-a-venda/maringa-pr-jd-alvorada ;Silvio Iwata;Jd Alvorada;R$ 239.000,00;;Maringá;PR;;Apartamento;49,95 m²;-23.3888767;-51.9076474;2;1;1;;;;;;;;;;;;;;;2025-02-06
https://www.silvioiwata.com.br/imovel/3620004985/casa-a-venda/maringa-pr-jd-aurora ;Silvio Iwata;;R$ 240.000,00;;Maringá;PR;;Casa;69,94 m²;-23.4150072;-51.97508089999999;2;1;2;;;;;;;;;;;;;;;2025-02-06
https://www.silvioiwata.com.br/imovel/3620004979/casa-a-venda/maringa-pr-jd-oasis ;Silvio Iwata;;R$ 299.000,00;;Maringá;PR;;Casa;150,80 m²;-23.4046346;-51.9011995;5.0;2;2;;;;;;;;;;;;;;;2025-02-06
https://www.silvioiwata.com.br/imovel/3620005052/casa-a-venda/maringa-pr-jd-tropical ;Silvio Iwata;;R$ 330.000,00;;Maringá;PR;;Casa;168,33 m²;-23.3972204;-51.95894819999999;2;1;4;;;;;;;;;;;;;;;2025-02-06
https://www.silvioiwata.com.br/imovel/3620005585/terreno-comercial-a-venda/maringa-pr-loteamento-sumare ;Silvio Iwata;;R$ 349.000,00;;Maringá;PR;;Terreno Comercial;482,64 m²;-23.3780698;-51.9038469;;;;;;;;;;;;;;;;;;2025-02-06
https://www.silvioiwata.com.br/imovel/3620005589/apartamento-a-venda/maringa-pr-zona-04 ;Silvio Iwata;Zona 04;R$ 350.000,00;;Maringá;PR;;Apartamento;101,76 m²;-23.4341948;-51.9487159;3.0;2;1;;;;;;;;;;;;;;;2025-02-06
https://www.silvioiwata.com.br/imovel/3620004917/barracao-a-venda/california-pr-colonizacao-nova-california ;Silvio Iwata;;R$ 450.000,00;;Califórnia;PR;;Barracão;254,58 m²;-24.3356784;-50.6162911;1;1;;;;;;;;;;;;;;;;2025-02-06
https://www.silvioiwata.com.br/imovel/3620004939/apartamento-a-venda/maringa-pr-zona-07 ;Silvio Iwata;Zona 07;R$ 550.000,00;;Maringá;PR;;Apartamento;114,13 m²;-23.4144593;-51.9297018;3.0;3;1;;;;;;;;;;;;;;;2025-02-06
https://www.silvioiwata.com.br/imovel/3620005587/casa-a-venda/maringa-pr-cj-hab-hermann-moraes-barros ;Silvio Iwata;;R$ 560.000,00;;Maringá;PR;;Casa;85,00 m²;-23.379366;-51.9391297;4.0;2;1;;;;;;;;;;;;;;;2025-02-06
https://www.silvioiwata.com.br/imovel/3620004746/casa-a-venda/maringa-pr-bom-jd ;Silvio Iwata;;R$ 748.000,00;;Maringá;PR;;Casa;137,92 m²;-23.4209995;-51.9330558;3.0;2;2;;;;;;;;;;;;;;;2025-02-06
https://www.silvioiwata.com.br/imovel/3620005592/casa-a-venda/maringa-pr-jd-cidade-moncoes ;Silvio Iwata;;R$ 850.000,00;;Maringá;PR;;Casa;141,98 m²;-23.448405;-51.9509031;4.0;3;4;;;;;;;;;;;;;;;2025-02-06
https://www.silvioiwata.com.br/imovel/3620005593/casa-em-condominio-a-venda/maringa-pr-zona-08 ;Silvio Iwata;Zona 08;R$ 2.390.000,00;;Maringá;PR;;Casa em Condomínio;298,36 m²;-23.4398794;-51.9187672;3;5;2;;;;;;;;;;;;;;;2025-02-06
https://www.silvioiwata.com.br/imovel/3620005189/casa-a-venda/maringa-pr-jd-cidade-moncoes ;Silvio Iwata;;R$ 3.490.000,00;;Maringá;PR;;Casa;315,78 m²;-23.4452866;-51.9502762;3;3;2;;;;;;;;;;;;;;;2025-02-06
https://www.silvioiwata.com.br/imovel/3620004777/terreno-a-venda/maringa-pr-gleba-ribeirao-atlantique ;Silvio Iwata;;R$ 6.500.000,00;;Maringá;PR;;Terreno;121,00 m²;-23.4209995;-51.9330558;;;;;;;;;;;;;;;;;;2025-02-06
https://www.silvioiwata.com.br/imovel/3620004776/terreno-a-venda/maringa-pr-gleba-ribeirao-atlantique ;Silvio Iwata;;R$ 11.000.000,00;;Maringá;PR;;Terreno;242.000,00 m²;-23.4209995;-51.9330558;;;;;;;;;;;;;;;;;;2025-02-06
https://www.pedrogranado.com.br/comprar/maringa/casasobrado/casa/jardim-paulista-iv/80063;Pedro Granado Imóveis;Jardim Paulista Iv;R$ 490.000,00;Casa;Maringá;PR;80063.0;Casa/Sobrado;117,00 m²;-23.405749;-51.8698687;3;3;1;;;;;;;;;;;;;;;2025-02-08
https://www.leloimoveis.com.br/imovel/apartamento-2-quartos-chacaras-aeroporto-maringa-com-garagem-55m2-venda-rs-178000?id=79900&ref=79900.12713;Lelo Imóveis;Chacaras Aeroporto;R$ 178.000,00;;Maringa;PR;79900.12713;Apartamento;55,71m²;-23.3815967;-51.905632;2;;1;;;;;;;;;;;;;;;2025-02-08
https://www.leloimoveis.com.br/imovel/casa-residencial-jardim-alvorada-iii-maringa-165m2-venda-rs-415000?id=79900&ref=79900.12712;Lelo Imóveis;Jardim Alvorada III;R$ 415.000,00;;Maringa;PR;79900.12712;Casa;165,00m²;-23.3857172;-51.9106386;;;;;;;;;;;;;;;;;;2025-02-08
https://www.silvioiwata.com.br/imovel/3620005598/apartamento-a-venda/maringa-pr-chacaras-aeroporto ;Silvio Iwata;Chácaras Aeroporto;R$ 205.000,00;;Maringá;PR;;Apartamento;44,25 m²;-23.4741153;-51.9064459;2;1;1;;;;;;;;;;;;;;;2025-02-08
https://www.silvioiwata.com.br/imovel/3620005071/casa-a-venda/maringa-pr-vl-morangueira ;Silvio Iwata;;R$ 450.000,00;;Maringá;PR;;Casa;63,00 m²;-23.4098768;-51.9206993;3;1;2;;;;;;;;;;;;;;;2025-02-08
https://www.pedrogranado.com.br/comprar/maringa/apartamento/padrao/jardim-america/49613;Pedro Granado Imóveis;Jardim América;R$ 270.000,00;Padrão;Maringá;PR;49613.0;Apartamento;45,86 m²;-23.4279265;-51.8869951;2;1;-;;;;;;;;;;;;;;;2025-02-10
https://www.pedrogranado.com.br/comprar/maringa/apartamento/padrao/zona-03/04163;Pedro Granado Imóveis;Zona 03;R$ 390.000,00;Padrão;Maringá;PR;4163.0;Apartamento;143,00 m²;-23.42451238195035;-51.92507582268447;3;5;3;;;;;;;;;;;;;;;2025-02-10
https://www.pedrogranado.com.br/comprar/maringa/apartamento/padrao/zona-08/86063;Pedro Granado Imóveis;Zona 08;R$ 530.000,00;Padrão;Maringá;PR;86063.0;Apartamento;59,21 m²;-23.4345201;-51.91149979999999;2;2;1;;;;;;;;;;;;;;;2025-02-10
https://www.pedrogranado.com.br/comprar/maringa/apartamento/padrao/zona-04/99953;Pedro Granado Imóveis;Zona 04;R$ 545.000,00;Padrão;Maringá;PR;99953.0;Apartamento;143,86 m²;-23.4209995;-51.9330558;3;2;1;;;;;;;;;;;;;;;2025-02-10
https://www.pedrogranado.com.br/comprar/maringa/casasobrado/casa/parque-das-grevileas-3-parte/57812;Pedro Granado Imóveis;Parque Das Grevíleas 3ª Parte;R$ 599.000,00;Casa;Maringá;PR;57812.0;Casa/Sobrado;162,34 m²;-23.3850923;-51.92910639999999;3;2;1;;;;;;;;;;;;;;;2025-02-10
https://www.pedrogranado.com.br/comprar/maringa/predio/inteiro/parque-residencial-aeroporto-2-parte/78503;Pedro Granado Imóveis;Parque Residencial Aeroporto (2ª Parte);R$ 1.220.000,00;Inteiro;Maringá;PR;78503.0;Prédio;400,00 m²;-23.4387801;-51.8971731;6;7;2;;;;;;;;;;;;;;;2025-02-10
https://www.pedrogranado.com.br/comprar/maringa/casasobrado/sobrado/jardim-canada-2-parte/11933;Pedro Granado Imóveis;Jardim Canadá 2ª Parte;R$ 1.250.000,00;Sobrado;Maringá;PR;11933.0;Casa/Sobrado;213,08 m²;-23.4056234;-51.9511188;3;4;3;;;;;;;;;;;;;;;2025-02-10
https://www.pedrogranado.com.br/comprar/maringa/casasobrado/sobrado/zona-05/22163;Pedro Granado Imóveis;Zona 05;R$ 2.300.000,00;Sobrado;Maringá;PR;22163.0;Casa/Sobrado;625,00 m²;-23.4316686;-51.9571204;5;6;5;;;;;;;;;;;;;;;2025-02-10
https://www.pedrogranado.com.br/comprar/maringa/apartamento/padrao/zona-04/34163;Pedro Granado Imóveis;Zona 04;Consulte-nos;Padrão;Maringá;PR;34163.0;Apartamento;180,00 m²;-23.4388402;-51.9396988;3;1;3;;;;;;;;;;;;;;;2025-02-10
https://www.leloimoveis.com.br/imovel/apartamento-3-quartos-zona-04-maringa-com-garagem-148m2-venda-rs-390000?id=79900&ref=00852.005;Lelo Imóveis;Zona 04;R$ 390.000,00;;Maringa;PR;852.005;Apartamento;148,84m²;-23.4338724;-51.9489639;3;;1;;;;;;;;;;;;;;;2025-02-10
https://www.leloimoveis.com.br/imovel/apartamento-1-quarto-zona-07-maringa-com-garagem-52m2-venda-rs-185000?id=79900&ref=02331.001;Lelo Imóveis;Zona 07;R$ 185.000,00;;Maringa;PR;2331.001;Apartamento;52,47m²;-23.4100448;-51.9414577;1;;1;;;;;;;;;;;;;;;2025-02-10
https://www.leloimoveis.com.br/imovel/apartamento-2-quartos-zona-07-maringa-com-garagem-70m2-venda-rs-410000?id=79900&ref=79900.12170;Lelo Imóveis;Zona 07;R$ 410.000,00;;Maringa;PR;79900.1217;Apartamento;70,54m²;-23.4139072;-51.9457607;2;;1;;;;;;;;;;;;;;;2025-02-10
https://www.pedrogranado.com.br/alugar/maringa/apartamento/padrao/jardim-america/09653;Pedro Granado Imóveis;Jardim América;R$ 275.000,00 (V) - R$ 2.100,00 (L);Padrão;Maringá;PR;9653.0;Apartamento;55,76 m²;-23.4283497;-51.8883972;2;1;-;;;;;;;;;;;;;;;2025-02-11
https://www.pedrogranado.com.br/comprar/maringa/apartamento/padrao/zona-01/6098;Pedro Granado Imóveis;Zona 01;R$ 480.000,00;Padrão;Maringá;PR;6098.0;Apartamento;92,89 m²;-23.4211492;-51.931399;3;2;1;;;;;;;;;;;;;;;2025-02-11
https://www.leloimoveis.com.br/imovel/casa-residencial-2-quartos-conj-joao-de-barro-itaparica-maringa-com-garagem-82m2-venda-rs-370000?id=79900&ref=05549.002;Lelo Imóveis;Conj Joao de Barro Itaparica;R$ 370.000,00;;Maringa;PR;5549.002;Casa;82,93m²;-23.400733;-51.882083;2;;5;;;;;;;;;;;;;;;2025-02-11
https://www.leloimoveis.com.br/imovel/casa-residencial-3-quartos-jardins-de-monet-residence-maringa-com-garagem-400m2-venda-rs-2500000?id=79900&ref=79900.12309;Lelo Imóveis;Jardins de Monet Residence;R$ 2.500.000,00;;Maringa;PR;79900.12309;Casa;400,00m²;-23.3620666;-52.0085711;3;;4;;;;;;;;;;;;;;;2025-02-11
https://www.leloimoveis.com.br/imovel/casa-residencial-3-quartos-jardim-alvorada-maringa-com-garagem-368m2-venda-rs-1360000?id=79900&ref=79900.8357;Lelo Imóveis;Jardim Alvorada;R$ 1.360.000,00;;Maringa;PR;79900.8357;Casa;368,00m²;-23.4029;-51.9282184;3;;3;;;;;;;;;;;;;;;2025-02-11
https://www.silvioiwata.com.br/imovel/3620005602/apartamento-a-venda/maringa-pr-jd-alvorada ;Silvio Iwata;Jd Alvorada;R$ 260.000,00;;Maringá;PR;;Apartamento;61,73 m²;-23.3913305;-51.9062024;2;1;1;;;;;;;;;;;;;;;2025-02-11
https://www.silvioiwata.com.br/imovel/3620005601/casa-a-venda/maringa-pr-jd-sao-jorge ;Silvio Iwata;;R$ 430.000,00;;Maringá;PR;;Casa;80,00 m²;-23.39983;-51.9630346;2;1;2;;;;;;;;;;;;;;;2025-02-11
https://www.silvioiwata.com.br/imovel/3620004629/apartamento-a-venda/maringa-pr-zona-07 ;Silvio Iwata;Zona 07;R$ 490.000,00;;Maringá;PR;;Apartamento;118,00 m²;-23.4150384;-51.9447349;3.0;2;1;;;;;;;;;;;;;;;2025-02-11
https://www.pedrogranado.com.br/comprar/maringa/casasobrado/casa/jardim-tres-lagoas/70742;Pedro Granado Imóveis;Jardim Três Lagoas;R$ 495.000,00;Casa;Maringá;PR;70742.0;Casa/Sobrado;102,41 m²;-23.3858341;-51.9736634;3;2;1;;;;;;;;;;;;;;;2025-02-13
https://www.pedrogranado.com.br/comprar/maringa/comercial/casa-comercial/zona-08/85643;Pedro Granado Imóveis;Zona 08;R$ 990.000,00;Casa Comercial;Maringá;PR;85643.0;Comercial;600,00 m²;-23.4288574;-51.9129812;-;3;-;;;;;;;;;;;;;;;2025-02-13
https://www.pedrogranado.com.br/comprar/maringa/apartamento/padrao/zona-03/79163;Pedro Granado Imóveis;Zona 03;R$ 1.101.030,00;Padrão;Maringá;PR;79163.0;Apartamento;107,00 m²;-23.428145;-51.923171;3;2;1;;;;;;;;;;;;;;;2025-02-13
https://www.leloimoveis.com.br/imovel/apartamento-3-quartos-zona-07-maringa-com-garagem-80m2-venda-rs-190000?id=79900&ref=79900.12726;Lelo Imóveis;Zona 07;R$ 190.000,00;;Maringa;PR;79900.12726;Apartamento;80,77m²;-1.0;-1.0;3;;1;;;;;;;;;;;;;;;2025-02-13
https://www.leloimoveis.com.br/imovel/apartamento-3-quartos-zona-07-maringa-com-garagem-133m2-venda-rs-465000?id=79900&ref=05331.001;Lelo Imóveis;Zona 07;R$ 465.000,00;;Maringa;PR;5331.001;Apartamento;133,61m²;-23.4141838;-51.9471296;3;;1;;;;;;;;;;;;;;;2025-02-13
https://www.leloimoveis.com.br/imovel/apartamento-2-quartos-jardim-america-maringa-com-garagem-86m2-venda-rs-220000?id=79900&ref=04752.001;Lelo Imóveis;Jardim America;R$ 220.000,00;;Maringa;PR;4752.001;Apartamento;86,29m²;-23.4274682;-51.889691;2;;1;;;;;;;;;;;;;;;2025-02-13
https://www.leloimoveis.com.br/imovel/apartamento-3-quartos-zona-07-maringa-com-garagem-70m2-venda-rs-160000?id=79900&ref=79900.12646;Lelo Imóveis;Zona 07;R$ 160.000,00;;Maringa;PR;79900.12646;Apartamento;70,02m²;-23.4061618;-51.9443444;3;;1;;;;;;;;;;;;;;;2025-02-13
https://www.leloimoveis.com.br/imovel/casa-residencial-jardim-alvorada-iii-maringa-165m2-venda-rs-408000?id=79900&ref=79900.12712;Lelo Imóveis;Jardim Alvorada III;R$ 408.000,00;;Maringa;PR;79900.12712;Casa;165,00m²;-23.3857172;-51.9106386;;;;;;;;;;;;;;;;;;2025-02-13
https://www.leloimoveis.com.br/imovel/terreno-jardim-monte-rei-maringa-300m2-venda-rs-350000?id=79900&ref=79900.12711;Lelo Imóveis;Jardim Monte Rei;R$ 350.000,00;;Maringa;PR;79900.12711;Terreno;300,00m²;-23.3789606;-51.9559311;;;;;;;;;;;;;;;;;;2025-02-13
https://www.leloimoveis.com.br/imovel/apartamento-3-quartos-jardim-cerro-azul-maringa-com-garagem-146m2-venda-rs-550000?id=79900&ref=79900.12193;Lelo Imóveis;Jardim Cerro Azul;R$ 550.000,00;;Maringa;PR;79900.12193;Apartamento;146,00m²;-23.4405355;-51.9370439;3;;2;;;;;;;;;;;;;;;2025-02-13
https://www.leloimoveis.com.br/imovel/terreno-jardins-de-monet-residence-maringa-540m2-venda-rs-749000?id=79900&ref=79900.11783;Lelo Imóveis;Jardins de Monet Residence;R$ 749.000,00;;Maringa;PR;79900.11783;Terreno;540,75m²;-23.3620666;-52.0085711;;;;;;;;;;;;;;;;;;2025-02-13
https://www.leloimoveis.com.br/imovel/apartamento-3-quartos-zona-01-maringa-com-garagem-241m2-venda-rs-760000?id=79900&ref=79900.11851;Lelo Imóveis;Zona 01;R$ 760.000,00;;Maringa;PR;79900.11851;Apartamento;241,62m²;-23.4240571;-51.9426816;3;;2;;;;;;;;;;;;;;;2025-02-13
https://www.leloimoveis.com.br/imovel/apartamento-3-quartos-zona-07-maringa-com-garagem-231m2-venda-rs-1649000?id=79900&ref=79900.11371;Lelo Imóveis;Zona 07;R$ 1.649.000,00;;Maringa;PR;79900.11371;Apartamento;231,72m²;-23.4147637;-51.9359941;3;;2;;;;;;;;;;;;;;;2025-02-13
https://www.leloimoveis.com.br/imovel/apartamento-3-quartos-zona-07-maringa-com-garagem-116m2-venda-rs-350000?id=79900&ref=02904.001;Lelo Imóveis;Zona 07;R$ 350.000,00;;Maringa;PR;2904.001;Apartamento;116,36m²;-23.4148042;-51.9405613;3;;1;;;;;;;;;;;;;;;2025-02-13
https://www.leloimoveis.com.br/imovel/casa-residencial-3-quartos-jardim-paris-maringa-com-garagem-150m2-venda-rs-560000?id=79900&ref=79900.10634;Lelo Imóveis;Jardim Paris;R$ 560.000,00;;Maringa;PR;79900.10634;Casa;150,00m²;-23.386098;-51.9513856;3;;2;;;;;;;;;;;;;;;2025-02-13
https://www.silvioiwata.com.br/imovel/3620005617/apartamento-a-venda/maringa-pr-chacaras-aeroporto ;Silvio Iwata;Chácaras Aeroporto;R$ 205.000,00;;Maringá;PR;;Apartamento;44,00 m²;-23.47484;-51.9069519;2;1;1;;;;;;;;;;;;;;;2025-02-13
https://www.silvioiwata.com.br/imovel/3620005604/apartamento-a-venda/maringa-pr-jd-america ;Silvio Iwata;Jd América;R$ 239.000,00;;Maringá;PR;;Apartamento;43,46 m²;-23.4248398;-51.8920816;2;1;1;;;;;;;;;;;;;;;2025-02-13
https://www.silvioiwata.com.br/imovel/3620005616/apartamento-a-venda/maringa-pr-jd-alvorada ;Silvio Iwata;Jd Alvorada;R$ 245.000,00;;Maringá;PR;;Apartamento;50,62 m²;-23.3913305;-51.9062024;2;1;1;;;;;;;;;;;;;;;2025-02-13
https://www.silvioiwata.com.br/imovel/3620005605/apartamento-a-venda/maringa-pr-loteamento-sumare ;Silvio Iwata;Loteamento Sumaré;R$ 280.000,00;;Maringá;PR;;Apartamento;57,86 m²;-23.3810992;-51.9054442;3;1;1;;;;;;;;;;;;;;;2025-02-13
https://www.silvioiwata.com.br/imovel/3620005613/casa-a-venda/maringa-pr-jd-sao-jorge ;Silvio Iwata;;R$ 430.000,00;;Maringá;PR;;Casa;;-23.39983;-51.9630346;2;;1;;;;;;;;;;;;;;;2025-02-13
https://www.silvioiwata.com.br/imovel/3620005606/apartamento-a-venda/maringa-pr-zona-08 ;Silvio Iwata;Zona 08;R$ 520.000,00;;Maringá;PR;;Apartamento;46,22 m²;-23.4349361;-51.9109103;1;2;1;;;;;;;;;;;;;;;2025-02-13
https://www.silvioiwata.com.br/imovel/3620005615/casa-a-venda/maringa-pr-pq-palmeiras ;Silvio Iwata;;R$ 579.000,00;;Maringá;PR;;Casa;112,69 m²;-23.3837328;-51.9405722;2.0;2;2;;;;;;;;;;;;;;;2025-02-13
https://www.silvioiwata.com.br/imovel/3620005611/casa-a-venda/maringa-pr-jd-oriental ;Silvio Iwata;;R$ 710.000,00;;Maringá;PR;;Casa;138,00 m²;-23.3710577;-51.9450022;3.0;2;2;;;;;;;;;;;;;;;2025-02-13
https://www.silvioiwata.com.br/imovel/3620005608/casa-a-venda/maringa-pr-jd-campos ;Silvio Iwata;;R$ 790.000,00;;Maringá;PR;;Casa;143,38 m²;-23.3757835;-51.9652952;3.0;3;2;;;;;;;;;;;;;;;2025-02-13
https://www.silvioiwata.com.br/imovel/3620004622/salao-comercial-a-venda/maringa-pr-zona-03 ;Silvio Iwata;;R$ 1.100.000,00;;Maringá;PR;;Salão Comercial;;-23.4248757;-51.9612123;6;2;1;;;;;;;;;;;;;;;2025-02-13
https://www.silvioiwata.com.br/imovel/3620005614/casa-em-condominio-a-venda/maringa-pr-loteamento-sumare ;Silvio Iwata;Loteamento Sumaré;R$ 3.200.000,00;;Maringá;PR;;Casa em Condomínio;279,00 m²;-23.351928837707874;-51.90037743430177;6.0;2;2;;;;;;;;;;;;;;;2025-02-13
https://www.pedrogranado.com.br/comprar/maringa/apartamento/padrao/jardim-aclimacao/67343;Pedro Granado Imóveis;Jardim Aclimacao;R$ 425.000,00;Padrão;Maringá;PR;67343.0;Apartamento;50,83 m²;-23.4209995;-51.9330558;2;1;-;;;;;;;;;;;;;;;2025-02-14
https://www.pedrogranado.com.br/comprar/maringa/casasobrado/sobrado/parque-lagoa-dourada/56033;Pedro Granado Imóveis;Parque Lagoa Dourada;R$ 690.000,00;Sobrado;Maringá;PR;56033.0;Casa/Sobrado;158,45 m²;-23.4512466;-51.9171236;3;3;1;;;;;;;;;;;;;;;2025-02-14
https://www.pedrogranado.com.br/comprar/maringa/casasobrado/casa/jardim-toquio/19163;Pedro Granado Imóveis;Jardim Tóquio;R$ 1.600.000,00;Casa;Maringá;PR;19163.0;Casa/Sobrado;300,00 m²;-23.3890635;-51.9237264;3;3;1;;;;;;;;;;;;;;;2025-02-14
https://www.pedrogranado.com.br/comprar/maringa/casasobrado/sobrado/jardim-oriental/00263;Pedro Granado Imóveis;Jardim Oriental;Consulte-nos;Sobrado;Maringá;PR;263.0;Casa/Sobrado;435,00 m²;-23.368423;-51.94030129999999;3;4;3;;;;;;;;;;;;;;;2025-02-14
https://www.leloimoveis.com.br/imovel/casa-residencial-3-quartos-jardim-oriental-maringa-com-garagem-150m2-venda-rs-410000?id=79900&ref=05050.001;Lelo Imóveis;Jardim Oriental;R$ 410.000,00;;Maringa;PR;5050.001;Casa;150,00m²;-1.0;-1.0;3;;2;;;;;;;;;;;;;;;2025-02-14
https://www.leloimoveis.com.br/imovel/casa-residencial-3-quartos-cidade-moncoes-maringa-com-garagem-515m2-venda-rs-3699000?id=79900&ref=79900.12565;Lelo Imóveis;Cidade Moncoes;R$ 3.699.000,00;;Maringa;PR;79900.12565;Casa;515,00m²;-23.4447371;-51.9418641;3;;3;;;;;;;;;;;;;;;2025-02-14
https://www.leloimoveis.com.br/imovel/apartamento-4-quartos-zona-07-maringa-com-garagem-257m2-venda-rs-650000?id=79900&ref=05739.001;Lelo Imóveis;Zona 07;R$ 650.000,00;;Maringa;PR;5739.001;Apartamento;257,37m²;-23.4162057;-51.9480214;4;;2;;;;;;;;;;;;;;;2025-02-14
https://www.leloimoveis.com.br/imovel/apartamento-2-quartos-zona-07-maringa-com-garagem-94m2-venda-rs-210000?id=79900&ref=00193.001;Lelo Imóveis;Zona 07;R$ 210.000,00;;Maringa;PR;193.001;Apartamento;94,88m²;-23.40923;-51.9464006;2;;1;;;;;;;;;;;;;;;2025-02-14
https://www.leloimoveis.com.br/imovel/apartamento-3-quartos-zona-03-maringa-com-garagem-venda-rs-3150000?id=79900&ref=79900.11615;Lelo Imóveis;Zona 03;R$ 3.150.000,00;;Maringa;PR;79900.11615;Apartamento;3;-23.4250343;-51.9274536;3;;;;;;;;;;;;;;;;;2025-02-14
https://www.silvioiwata.com.br/imovel/3620004513/terreno-a-venda/maringa-pr-jd-itaipu ;Silvio Iwata;;R$ 125.000,00;;Maringá;PR;;Terreno;249,00 m²;-23.4509097;-51.9828186;;;;;;;;;;;;;;;;;;2025-02-14
https://www.silvioiwata.com.br/imovel/3620004573/terreno-a-venda/paranavai-pr-res-santa-maria ;Silvio Iwata;;R$ 125.000,00;;Paranavaí;PR;;Terreno;183,00 m²;-23.1106551;-52.4907792;;;;;;;;;;;;;;;;;;2025-02-14
https://www.silvioiwata.com.br/imovel/3620004667/terreno-a-venda/paranavai-pr-res-santa-maria ;Silvio Iwata;;R$ 125.000,00;;Paranavaí;PR;;Terreno;183,00 m²;-23.1106551;-52.4907792;;;;;;;;;;;;;;;;;;2025-02-14
https://www.silvioiwata.com.br/imovel/3620004849/terreno-a-venda/sarandi-pr-jd-universal ;Silvio Iwata;;R$ 135.000,00;;Sarandi;PR;;Terreno;250,00 m²;-23.4312679;-51.8608897;;;;;;;;;;;;;;;;;;2025-02-14
https://www.silvioiwata.com.br/imovel/3620004374/sala-comercial-a-venda/maringa-pr-zona-01-centro ;Silvio Iwata;Zona 01 Centro;R$ 200.000,00;;Maringá;PR;;Sala Comercial;27,68 m²;-23.4226959;-51.9395721;1;1;;;;;;;;;;;;;;;;2025-02-14
https://www.silvioiwata.com.br/imovel/3620005632/apartamento-a-venda/maringa-pr-pq-taruma ;Silvio Iwata;Pq Tarumã;R$ 245.000,00;;Maringá;PR;;Apartamento;45,00 m²;-23.4657215;-51.9286051;2;1;1;;;;;;;;;;;;;;;2025-02-14
https://www.silvioiwata.com.br/imovel/3620004398/apartamento-a-venda/maringa-pr-pq-res-aeroporto ;Silvio Iwata;Pq Res Aeroporto;R$ 285.000,00;;Maringá;PR;;Apartamento;72,00 m²;-23.4495025;-51.908821;3;1;1;;;;;;;;;;;;;;;2025-02-14
https://www.silvioiwata.com.br/imovel/3620004701/casa-a-venda/maringa-pr-cj-joao-de-barro-cidade-cancao ;Silvio Iwata;;R$ 285.000,00;;Maringá;PR;;Casa;100,00 m²;-23.4616268;-51.9081639;3.0;2;3;;;;;;;;;;;;;;;2025-02-14
https://www.silvioiwata.com.br/imovel/3620005302/apartamento-a-venda/maringa-pr-jd-das-estacoes ;Silvio Iwata;Jd das Estações;R$ 350.000,00;;Maringá;PR;;Apartamento;51,47 m²;-23.445589;-51.9791967;2;1;1;;;;;;;;;;;;;;;2025-02-14
https://www.silvioiwata.com.br/imovel/3620004303/apartamento-a-venda/maringa-pr-vl-marumby ;Silvio Iwata;Vl Marumby;R$ 360.000,00;;Maringá;PR;;Apartamento;65,00 m²;-23.4475664;-51.9276809;2.0;2;1;;;;;;;;;;;;;;;2025-02-14
https://www.silvioiwata.com.br/imovel/3620005031/apartamento-a-venda/maringa-pr-jd-ipanema ;Silvio Iwata;Jd Ipanema;R$ 385.000,00;;Maringá;PR;;Apartamento;55,80 m²;-23.4558429;-51.9238772;2;1;1;;;;;;;;;;;;;;;2025-02-14
https://www.silvioiwata.com.br/imovel/3620005628/terreno-comercial-a-venda/maringa-pr-jd-bertioga ;Silvio Iwata;;R$ 450.000,00;;Maringá;PR;;Terreno Comercial;450,78 m²;-23.457987;-51.9524672;;;;;;;;;;;;;;;;;;2025-02-14
https://www.silvioiwata.com.br/imovel/3620004338/sobrado-a-venda/maringa-pr-zona-07 ;Silvio Iwata;;R$ 490.000,00;;Maringá;PR;;Sobrado;129,98 m²;-23.41567;-51.9497659;2.0;2;2;;;;;;;;;;;;;;;2025-02-14
https://www.silvioiwata.com.br/imovel/3620004565/terreno-em-condominio-a-venda/sarandi-pr-ecovalley-ecologic-city ;Silvio Iwata;Ecovalley Ecologic City;R$ 510.000,00;;Sarandi;PR;;Terreno em Condomínio;350,00 m²;-23.4791032;-51.9123209;;;;;;;;;;;;;;;;;;2025-02-14
https://www.silvioiwata.com.br/imovel/3620004436/casa-a-venda/maringa-pr-zona-07 ;Silvio Iwata;;R$ 550.000,00;;Maringá;PR;;Casa;142,00 m²;-23.436259;-51.9364279;9;3;4;;;;;;;;;;;;;;;2025-02-14
https://www.silvioiwata.com.br/imovel/3620004955/casa-a-venda/maringa-pr-jd-colina-verde-ii ;Silvio Iwata;;R$ 550.000,00;;Maringá;PR;;Casa;188,00 m²;-23.3959408;-51.88466;3.0;3;3;;;;;;;;;;;;;;;2025-02-14
https://www.silvioiwata.com.br/imovel/3620004487/casa-a-venda/maringa-pr-jd-itaipu ;Silvio Iwata;;R$ 565.000,00;;Maringá;PR;;Casa;140,00 m²;-23.450353;-51.9801873;3.0;3;5;;;;;;;;;;;;;;;2025-02-14
https://www.silvioiwata.com.br/imovel/3620004216/casa-a-venda/maringa-pr-loteamento-sumare ;Silvio Iwata;;R$ 650.000,00;;Maringá;PR;;Casa;181,00 m²;-23.3800239;-51.9069857;3.0;2;1;;;;;;;;;;;;;;;2025-02-14
https://www.silvioiwata.com.br/imovel/3620004220/casa-a-venda/maringa-pr-cj-hab-joao-de-barro-thais ;Silvio Iwata;;R$ 650.000,00;;Maringá;PR;;Casa;174,00 m²;-23.3980304;-51.9770967;3;1;1;;;;;;;;;;;;;;;2025-02-14
https://www.silvioiwata.com.br/imovel/3620004369/casa-a-venda/maringa-pr-jd-alvorada ;Silvio Iwata;;R$ 680.000,00;;Maringá;PR;;Casa;159,00 m²;-23.4014919;-51.914811;3.0;2;2;;;;;;;;;;;;;;;2025-02-14
https://www.silvioiwata.com.br/imovel/3620004448/apartamento-a-venda/maringa-pr-zona-03 ;Silvio Iwata;Zona 03;R$ 730.000,00;;Maringá;PR;;Apartamento;82,00 m²;-23.4297937;-51.9240242;3.0;2;2;;;;;;;;;;;;;;;2025-02-14
https://www.silvioiwata.com.br/imovel/3620004451/sobrado-a-venda/maringa-pr-zona-08 ;Silvio Iwata;;R$ 750.000,00;;Maringá;PR;;Sobrado;178,87 m²;-23.4680516;-51.8208955;3.0;3;2;;;;;;;;;;;;;;;2025-02-14
https://www.silvioiwata.com.br/imovel/3620004740/casa-a-venda/maringa-pr-zona-04 ;Silvio Iwata;;R$ 790.000,00;;Maringá;PR;;Casa;100,00 m²;-23.4209995;-51.9330558;2.0;2;1;;;;;;;;;;;;;;;2025-02-14
https://www.silvioiwata.com.br/imovel/3620005627/terreno-comercial-a-venda/maringa-pr-jd-sao-silvestre ;Silvio Iwata;;R$ 790.000,00;;Maringá;PR;;Terreno Comercial;370,80 m²;-23.4535139;-51.913262;;;;;;;;;;;;;;;;;;2025-02-14
https://www.silvioiwata.com.br/imovel/3620005629/terreno-comercial-a-venda/maringa-pr-jd-sao-silvestre ;Silvio Iwata;;R$ 790.000,00;;Maringá;PR;;Terreno Comercial;367,73 m²;-23.4364101;-51.8949085;;;;;;;;;;;;;;;;;;2025-02-14
https://www.silvioiwata.com.br/imovel/3620004230/casa-a-venda/maringa-pr-jd-sao-conrado ;Silvio Iwata;;R$ 850.000,00;;Maringá;PR;;Casa;140,00 m²;-23.4511048;-51.9412832;3.0;2;1;;;;;;;;;;;;;;;2025-02-14
https://www.silvioiwata.com.br/imovel/3620005623/sobrado-a-venda/maringa-pr-zona-07 ;Silvio Iwata;;R$ 950.000,00;;Maringá;PR;;Sobrado;142,96 m²;-23.4130484;-51.95238209999999;3.0;4;4;;;;;;;;;;;;;;;2025-02-14
https://www.silvioiwata.com.br/imovel/3620004167/apartamento-a-venda/maringa-pr-zona-04 ;Silvio Iwata;Zona 04;R$ 990.000,00;;Maringá;PR;;Apartamento;193,00 m²;-23.4232713;-51.9468147;3.0;2;2;;;;;;;;;;;;;;;2025-02-14
https://www.silvioiwata.com.br/imovel/3620004179/sobrado-a-venda/maringa-pr-jd-andrade ;Silvio Iwata;;R$ 1.550.000,00;;Maringá;PR;;Sobrado;409,00 m²;-23.3839419;-51.9022087;3;7;;;;;;;;;;;;;;;;2025-02-14
https://www.silvioiwata.com.br/imovel/3620004525/negocio-a-venda/maringa-pr-zona-03 ;Silvio Iwata;;R$ 3.500.000,00;;Maringá;PR;;Negócio;373,00 m²;-23.4222354;-51.9281148;6;6;2;;;;;;;;;;;;;;;2025-02-14
https://www.silvioiwata.com.br/imovel/3620004197/negocio-a-venda/maringa-pr-zona-01-centro ;Silvio Iwata;;R$ 3.990.000,00;;Maringá;PR;;Negócio;902,00 m²;-23.4217995;-51.9375064;;;;;;;;;;;;;;;;;;2025-02-14
https://www.pedrogranado.com.br/comprar/maringa/apartamento/padrao/jardim-america/09653;Pedro Granado Imóveis;Jardim América;R$ 275.000,00;Padrão;Maringá;PR;9653.0;Apartamento;55,76 m²;-23.4283497;-51.8883972;2;1;-;;;;;;;;;;;;;;;2025-02-15
https://www.leloimoveis.com.br/imovel/apartamento-2-quartos-zona-07-maringa-92m2-venda-rs-200000?id=79900&ref=03991.001;Lelo Imóveis;Zona 07;R$ 200.000,00;;Maringa;PR;3991.001;Apartamento;92,24m²;-23.408432;-51.9435909;2;;;;;;;;;;;;;;;;;2025-02-15
https://www.leloimoveis.com.br/imovel/apartamento-3-quartos-novo-centro-maringa-com-garagem-120m2-venda-rs-640000?id=79900&ref=79900.12330;Lelo Imóveis;Novo Centro;R$ 640.000,00;;Maringa;PR;79900.1233;Apartamento;120,00m²;-23.4175897;-51.9345922;3;;2;;;;;;;;;;;;;;;2025-02-15
https://www.silvioiwata.com.br/imovel/3620005634/apartamento-a-venda/maringa-pr-zona-03 ;Silvio Iwata;Zona 03;R$ 1.180.000,00;;Maringá;PR;;Apartamento;119,60 m²;-23.4307715;-51.9234096;3.0;3;4;;;;;;;;;;;;;;;2025-02-16
